scenario_1,scenario_2,scenario_3,scenario_4,scenario_5,scenario_6,scenario_7,scenario_8,scenario_9,scenario_10,scenario_11,scenario_12,scenario_13,scenario_14,scenario_15,scenario_16,scenario_17,scenario_18,scenario_19,scenario_20,scenario_21,scenario_22
0.045454545,0.045454545,0.045454545,0.045454545,0.045454545,0.045454545,0.045454545,0.045454545,0.045454545,0.045454545,0.045454545,0.045454545,0.045454545,0.045454545,0.045454545,0.045454545,0.045454545,0.045454545,0.045454545,0.045454545,0.045454545,0.045454545